Name,Email,Phone,Website
"Finity High End Detailing - RV Wash & Mobile Car Detailing in Las Vegas, Summerlin & Henderson",support@finitydetailing.com,(833) 322-8102,https://mobiledetailinghenderson.com/
Mynt Mobile Detailing,myntdetailing@gmail.com,(702) 670-0793,https://www.myntmobiledetailing.com/
Exclusive Auto Detailing and Ceramic Coating | Mobile Service,"charles.rosenow.b@gmail.com,charlesrosenow.b@gmail.com",(775) 901-6063,https://exclusivemobiledetails.net/
High Roller Mobile Detailing,info@highrollermobiledetailing.com,(702) 530-1228,http://www.highrollermobiledetailing.com/
Rebirth Auto Detail,radmobilelv@gmail.com,(702) 720-6472,http://www.rebirthautodetailing.com/
Swangin Auto Detail LLC,filler@godaddy.com,(702) 413-3845,http://swanginlvautodetail.com/
New Image Auto Spa,service@niautospa.com,(725) 240-8772,https://niautospa.com/
Vegas Auto Salon,vegasautosalon@icloud.com,(702) 902-7373,http://vegasautosalon.com/
Detail Central By Mr H,book@detailcentralpros.com,(702) 480-9511,http://detailcentralpros.com/
Posh Auto Styling,sales@poshautostyling.com,(702) 333-3642,http://poshautostyling.com/
Perfect Finish Detailing (Mobile Detailing And Ceramic Coatings) Las Vegas,info@azmobileautospa.com,(702) 482-1680,https://perfectfinishdetailinglv.com/?utm_source=GBP
First Quality auto detailing Services,firstqualityservicesnv@gmail.com,(702) 980-3137,https://firstqualityservicesnv.com/
ALSET Auto Las Vegas,lasvegas@alsetauto.com,(702) 498-5755,http://alsetauto.com/las-vegas
The Best Detail,"carlos@shoppositioner.com,a2ddigitalmedia@gmail.com",(702) 494-8097,http://www.thebestdetail.com/
Reflectionz Detail Las Vegas & CeramicPro,estimates@reflectionzdetail.com,(702) 444-4185,https://www.reflectionzdetail.com/
Royalty Auto Spa,"sales@royaltyautospa.com,lostandfound@royaltyautospa.com",(702) 718-7321,https://www.royaltyautospa.com/
Tornado Mobile Detailing LLC,info@tornadomobiledetailing.com,(702) 929-4021,https://www.tornadomobiledetailing.com/
Slick Nickâ€™s Mobile Detailing,"eben@eyebytes.com,team@latofonts.com",(702) 969-6227,https://slicknicksdetailing.com/
Fabulous Freddyâ€™s,"eben@eyebytes.com,filler@godaddy.com",(702) 367-2250,http://www.fabfred.com/
WOW Carwash - S. Buffalo,hello@wowwash.com,(833) 969-9274,http://wowwash.com/
Mojo exotics,mojoexotix@gmail.com,(562) 571-8161,https://mojoexotics.net/
Sin City Mobile Detailing,"chenowith52@gmail.com,test@gmail.com",(702) 530-5743,https://welcome.sincitydetailing.com/
Venture Detail Auto Detailing,venturedetailus@gmail.com,(702) 552-8809,https://venturedetail.com/
Incognito Car Wraps,"chris@incognitowraps.com,info@incognitowraps.com",(702) 749-8941,http://www.incognitowraps.com/
979TINT,"tintgod@icloud.com,979tint@gmail.com",(702) 979-8468,https://979tint.com/
R2 Performance,rich@r2performance.net,(702) 202-6002,http://r2performance.net/?utm_source=gmb&utm_medium=referral
MotoZone,eben@eyebytes.com,(702) 243-6686,http://motozonemotorsports.com/
ShockWave Print,info@shockwaveprint.com,(702) 987-1777,https://shockwaveprint.com/
"Daily Details Garage - Ceramic Coating, PPF, Window Tint",ddavid@dailydetailsgarage.com,(702) 501-6585,http://dailydetailsgarage.com/
Exclusive Customs,info@exclusivecustomslasvegas.com,(702) 413-7242,http://exclusivecustomslasvegas.com/index.html#home
Foam Kings Mobile Detailing,foamkings702@gmail.com,(702) 400-4155,http://www.foamkingslv.com/
GO Car Wash,decatur@gocarwash.com,(702) 444-2358,https://gocarwash.com/location/s-decatur/?referrer=listings
5 Star Auto Boutique,info@5starautoboutique.com,(702) 672-3651,http://www.5starautoboutique.com/
Green Forest Express Car Wash,fuel@tropstoplv.com,,https://tropstoplv.com/carwash/
Diamond Plus Mobile Detailing,diamondplus.md5@gmail.com,(702) 465-2640,http://diamondplusdetailing.com/
Daily Driven Supply Company,ddsupplyconv@gmail.com,(725) 305-1031,https://ddsupply.co/
N.E.D Auto Detailing,nedautodetailing@gmail.com,(818) 347-6777,https://www.nedautodetailing.com/
Cody Clark - State Farm Insurance Agent,"team@keen.io,dustin@keen.io,eric@keen.io,joe@keen.io,alex@keen.io,adam.kasprowicz@keen.io,dariusz.lacheta@keen.io",(702) 914-0034,https://www.codywclark.com/
Cruz Auto & Fleet Services Inc,info@cruzafs.com,(702) 365-0027,http://www.cruzafs.com/
Boston Cleaners,"manager@cambridgecleanerscorp.com,mooyoungmonika@gmail.com",(702) 914-6708,http://www.bostoncleanerslasvegas.com/?utm_source=google-gmb-maps&utm_medium=gmb-website-button&utm_campaign=locl.io&utm_content=ea137bc9-c2f9-4321-aa69-207fd812775e
Pristine Auto Lab Auto Detailing and Ceramic Coating,contact@pristineautolab.com,(725) 242-5655,http://www.pristineautolab.com/?utm_source=google&utm_medium=wix_google_business_profile&utm_campaign=4264585779837775492
Cobra Cleans Mobile Car Detailing,cobracleansdetailing@gmail.com,(702) 686-7282,https://cobracleans.com/
Cargo Detailing Car Detailing Las Vegas,"filler@godaddy.com,cargodetailing@gmail.com,cargo.detailing@gmail.com",(702) 419-2648,https://cargodetailing.net/
Rice Auto Detailing,info@riceatodetailing.com,(702) 978-8422,https://riceautodetailing.com/
Detailers of Las Vegas,detailersoflasvegas@gmail.com,(702) 302-1800,http://www.detailersoflasvegas.com/
PROXIMA Mobile Auto Detailing and Ceramic Coating Las Vegas,jon@proximaautodetailing.com,(702) 637-6442,http://proximaautodetailing.com/
Mobile Speed Detailing LLC,mobile.speed.detailing@gmail.com,(702) 786-7907,https://www.mobilespeeddetailing.com/
Las Vegas Auto Aesthetic,mannytopete@lvautoaesthetic.com,(661) 717-1703,http://lvautoaesthetic.com/
LUV Car Wash,support@luvcarwash.com,(805) 900-3525,https://luvcarwash.com/
Global Truck Wash,contact@globaltruckwash.com,(702) 369-2323,https://www.globaltruckwash.com/
Diamond Auto Detailing LV,"micah@micahrich.com,filler@godaddy.com",(725) 577-0603,https://diamondautodetailinglv.com/
Sprayworks Mobile Scratch and Dent Repair,nick.spiers661@gmail.com,(661) 593-3850,https://nickspiers661.wixsite.com/autosprayworkslasveg
Auto Dynamic Services LLC,info@autodynamicservices.com,(702) 439-6083,https://autodynamicservices.com/
D&B Mobile Detail LLC,support@dandbdetail.com,(702) 467-1528,http://dandbdetail.com/
Royal Auto Detailing Las Vegas,info@royalautodetailinglasvegas.com,(725) 500-7234,https://www.royalautodetailinglasvegas.com/
The Specialists Detail Studio,thespecialists@cox.net,(702) 444-7322,https://www.thespecialistsdetail.com/
Tier 1 Autohaus,info@tier1autohaus.com,(725) 525-9066,http://tier1autohaus.com/
Aztec Professional Auto Detail,"aztecautodetail@gmail.com,hi@mystore.com",(702) 860-9564,http://aztecprofessionalautodetail.com/
Tire House Inc,rent@monthlyflatbedrental.com,(253) 347-4910,https://www.monthlyflatbedrental.com/
Alternative Living Spaces Inc.,info@alternativelivingspaces.com,(725) 225-1371,http://alternativelivingspaces.com/
"Russell Klise, Las Vegas & Henderson Realtor Lic. S.0186890",rkliserealty@gmail.com,(702) 483-0399,http://www.yourlasvegasproperty.com/
Ted Wiens Complete Auto Service,comment@tedwiens.com,(702) 947-3424,https://www.tedwiens.com/
Flawless Touch Auto Spa LV | Mobile Auto Detailing| Auto Detailers Las Vegas,flawlesstouchautospa89@gmail.com,(702) 813-8335,http://www.flawlesstouchautospalv.com/
Johnson Auto Detailing,"team@latofonts.com,anapbm@gmail.com,filler@godaddy.com",,https://johnson-auto-detailing.com/
Clean and Shine Detail Car Wash,cleanandshine702@gmail.com,(702) 539-8466,https://www.cleanandshine702.com/
Ledaf Auto Detailing,jason@ledafauto.com,(702) 686-2121,http://www.ledafauto.com/
Oasis Auto Care - Professional Mobile Detailing,inbox@oasisautocare.vegas,(702) 302-4183,http://oasisautocare.vegas/
Red Rock RV Wash,redrockcleaningservices@gmail.com,(702) 233-2833,http://www.lasvegasrvwash.com/
Zavala Mobile Details,luis@zavaladetails.com,(702) 663-9899,https://www.zavalamobiledetails.com/?utm_source=google&utm_medium=wix_google_business_profile&utm_campaign=9152541687102331926
Dubon's Auto Detailing,mikeo2448@sbcglobal.net,(661) 360-6951,https://www.dubonsautodetailing.com/
Lovely Dog Grooming & Daycare,email@i-create.com,(725) 233-5012,http://www.lovelydoglv.com/
1 Of 1 Auto Detailing,1of1autodetailing@gmail.com,,http://1of1autodetailingllc.square.site/
LVDetailer Car Detailing Las Vegas,jvidrioav@gmail.com,(702) 327-9810,http://lvdetailer.com/
LFL Mobile Car Wash of Summerlin Vegas,mobilecarwashsummerlin@gmail.com,(702) 761-3690,https://www.mobilecarwashsummerlinlasvegas.com/
DC Auto Luxury Window Tinting,info@dcauto.net,(702) 566-3939,http://www.luxurywindowtinting.com/
Las Vegas Tint Studio,lvtintstudio@lasvegastintstudio.com,(702) 903-0466,https://lasvegastintstudio.com/?utm_source=GBP&utm_medium=GBP&utm_campaign=GBP
Gaudin Ford Service Center,9cdb553051984480bbeca1838bd78433@o422891.ingest.sentry.io,(702) 731-2121,https://www.gaudinford.com/service-department-gaudin-ford
Noble Vapor Steam Cleaning,noblesteamcleaning@gmail.com,(725) 977-8170,http://www.noblesteamcleaning.com/
Defender Films,"info@defenderfilmslv.com,contact@defenderfilmslv.com",(725) 303-1564,http://www.defenderfilmslv.com/
Polar Tint - Summerlin,info@lvprotint.com,(702) 551-6039,https://www.lasvegasprotint.com/
Meineke Car Care Center,shop.2854@meineke.net,(725) 666-2090,https://www.meineke.com/locations/nv/las-vegas-2854/?utm_source=google&utm_medium=organic&utm_campaign=gbp_website
Precision Window Tint,sales.precisionwindowtint@gmail.com,(725) 225-5777,https://precisionwindowtint.com/
Glassy Business,jimmyflihan@glassybusinesslv.com,(702) 341-9677,http://www.glassybusinesslv.com/
Galaxy Auto Glass,veronica@galaxyautoglass.com,(702) 742-1134,https://galaxyautoglass.com/
Busy Buggy Auto Repair,"info2@busybuggy.com,info@busybuggy.com",(702) 451-1116,http://busybuggy2.com/
Monarch Car Care,david@monarchcarcare.com,(702) 326-2724,http://monarchcarcare.com/
Bello Auto Detailing,info@bellodetail.com,(702) 941-5400,https://bellodetail.com/
Habibi Mobile Car Detailing,patron.salmani23@gmail.com,(702) 913-7137,https://habibicardetail.com/
Viable Insurance,info@viableinsurancecompany.com,(702) 534-4656,http://www.viableinsurancecompany.com/
TOP STAR Mobile Auto Detailing Las Vegas,jp@topstardetailing.com,(702) 236-1357,https://www.topstardetailing.com/
Meineke Car Care Center,shop.2531@meineke.net,(702) 608-9919,https://www.meineke.com/locations/nv/las-vegas-2531/?utm_source=google&utm_medium=organic&utm_campaign=gbp_website
Honda West Service Center,sales@hondawest.edealerhub.com,(702) 790-8252,https://www.hondawest.net/service/las-vegas.htm?utm_source=google&utm_campaign=GoogleLocalListingService&utm_medium=organic
LV Sudz Auto Detail,hi@mystore.com,(702) 812-5882,https://lv-sudz-auto-detailing.square.site/
The L.A.B Tint and Wraps,luxuryauto702@gmail.com,(702) 256-4455,http://luxautoboutique.com/
R.B.O Motorsports Window Tinting,"rbomotorsports702@gmail.com,rbomotorsports2@gmail.com",(702) 541-8468,https://rbomotorsportslv.com/
BMW of Las Vegas Service Center,gm2074@autonation.com,(702) 570-0279,https://www.bmwvegas.com/service/index.htm?&utm_source=local&utm_medium=organic&utm_campaign=*000012247*GMB
Total Eclipse Window Tinting,info@nvtint.com,(702) 930-3504,"https://nvtint.com/?utm_source=local&utm_medium=organic&utm_campaign=gmb&utm_term=window-tinting&utm_content=las%20vegas,%20nv"
"Triple Platinum Detailing - Las Vegas, Nevada - Ceramic Coating",tripleplatinumdetailing@gmail.com,(262) 271-6020,https://www.tripleplatinumdetailing.com/
Colimas Auto Detail,alvareznoe1986@gmail.com,(702) 601-2661,https://colimasautodetail.com/
Always Fresh Mobile Detailing,steven@alwaysfreshlv.com,(702) 570-3440,https://www.alwaysfreshlv.com/
DETAIL CITY Las Vegas,detailcitylv@gmail.com,(725) 277-5404,http://detailcitylv.com/
SEVEN STARS Mobile Car Detailing Las Vegas,admin@sevenstarsdetailing.com,(702) 852-4510,http://sevenstarsdetailing.com/
One Call Mobile Detailing,support@webador.com,(702) 340-6687,https://www.one-call-mobile-detailing.com/
Joe's Mobile Detailing,"admin@airodigital.com,jaoneill57@hotmail.com",(702) 460-9693,https://joesmobiledetailing.com/
Arco Hand Car Wash,typesetit@att.net,(702) 331-6171,http://arcohandcarwash.com/
vitec auto detailing,james@vitecautodetailing.com,(725) 287-9053,https://vitecautodetailing.com/
Immaculate Auto Detailing and Ceramic Coating,immaculateautodetailinglv@gmail.com,(702) 580-6168,https://www.immaculateautodetailing.net/
Shoke Auto Detailing,shokeautodetailinglv@gmail.com,(725) 502-7828,https://shokeautodetailinglv.com/
Rinse a Rig Fleet Wash,info@rinsearig.com,(702) 608-7402,http://rinsearig.com/
Alpha Detailing,alphadetailingcarcare@gmail.com,(702) 886-0401,http://www.alphadetailinglv.com/
Flawless Finish Detailing LV,flawlessfinishlv@gmail.com,(702) 902-0359,https://flawlessfinishdetailinglv.com/
K & K Mobile Detailing Services LLC.,lakieshamichelle45@gmail.com,(725) 303-9608,https://lakiesham7640.wixsite.com/kkmobiledetailing/blog
Silva Detailing,silvadetailing702@gmail.com,(702) 763-0124,https://silvadetailing.com/
Boulevard Shine Mobile Auto Detailing,sergiodavalos13@gmail.com,(702) 493-1301,http://boulevardshine.com/
TKs Mobile Detail,tksmobiledetailinglv@gmail.com,(214) 304-8713,https://tksmobiledetail.square.site/
Pop Stealth Mobile Auto Detailing,popstealthauto@gmail.com,(725) 213-8512,http://popstealthauto.com/
BROTHERS CARWASH MOBILE DETAILING,ramonmoises7366@gmail.com,(702) 722-7601,https://brotherscarswash.com/
Uncle Rayski's Magic Car Wash,gounlimited@unclerayskis.com,(702) 432-3007,http://www.unclerayskis.com/
Champion Auto Management LLC,info@championcarslv.com,,https://www.championcarslv.com/
Desert Devil Detailing,desertdevildetailing@gmail.com,(702) 882-0581,https://desertdevildetailing.com/
Meineke Car Care Center,bjeskew@ymail.com,(702) 425-3816,https://www.meineke.com/locations/nv/las-vegas-2814/?utm_source=google&utm_medium=organic&utm_campaign=gbp_website
"Clean Living Pool and Spa, LLC",service@cleanlivingpoolandspa.com,(702) 887-1535,https://www.cleanlivingpoolandspa.com/?utm_source=Google&utm_medium=Organic&utm_campaign=GMB
Strip & Shine Mobile Detailing,stripshinemobiledetailing@gmail.com,(702) 582-9489,http://stripshinemobiledetailing.com/
Watson Homes Inspection,info@watsonhomeinspections.com,(702) 371-9587,https://watsonhomesinspection.com/
Le Fave Auto Detailing,tlefave30@icloud.com,(702) 449-2938,https://lefave-auto-detailing.ueniweb.com/?utm_campaign=gmb
The Detail Guys LV,info@detailguyslv.com,(702) 576-5740,http://www.detailguyslv.com/
Car Detailing,hacarwashdetailer@gmail.com,(702) 768-4734,https://hnadetail.com/
Laurias Mobile Car Detailing,lauriasdetailing@gmail.com,(725) 256-3224,https://www.lauriasmobiledetailing.com/
"Platinum Auto Detail - Paint Correction, Ceramic Coatings, & Auto Detailing",platinumdetailinglv@gmail.com,(702) 684-2460,https://platinumdetailinglv.com/
702 Auto Detailing LLC,info@702autodetailing.com,(702) 351-2828,https://702autodetailing.pro/
Shine City Auto Spa,info@shinecitylv.com,(702) 767-7019,https://shinecitylv.com/
MADhouse Detailing & Customs,madhouselv1@gmail.com,(702) 540-5841,http://www.madlv.com/
ðŸ’Ž#1 LUXURIOUS Mobile Detailing,theprophetofpwn2@gmail.com,(702) 927-6370,https://luxuriouswash.com/
MOURA AUTO SPA Mobile Car Wash and Detailing | IDA Certified,mourautospa@gmail.com,(725) 290-6600,http://www.mourautospa.com/
Amazingly Klean Mobile Detailing and Pressure Washing,astigma@astigmatic.com,(702) 339-1090,http://amazinglyklean.com/
Clean N Go mobile service,info@cleanngolasvegas.com,(702) 472-4571,http://www.cleanngolasvegas.com/
Chapman Collision Center Las Vegas,"sales@audioftucson.com,sales@chapmanacura.com,sales@chapmanbmw.com,sales@azbmw.com,sales@chapmanchevy.com,sales@chapmanchevroletbuickgmc.com,sales@chapmanchryslerjeep.com,sales@chapmandodge.com,sales@chapmandodgechryslerjeepram.com,sales@chapmanfordaz.com,sales@chapmanhonda.com,sales@chapmanhyundai.com,sales@hyundaiaz.com,sales@lasvegasdodge.com,sales@chapmanmazda.com,sales@chapmanpayson.com,speedway@chapmantucson.com,sales@chapmanvalue.com,sales@tucsonvw.com,sales@chapmanvw.com,sales@freewaychevrolet.com,sales@mercedesoftucson.com,pvused@chapmantucson.com,sales@porscheoftucson.com",(702) 432-2450,https://www.chapmancollision.com/locations/chapman-collision-las-vegas
Simple Auto Sales,simpleautosaleslv@gmail.com,(702) 431-2227,http://simpleautosaleslasvegas.com/
Emis Mobile Detailing,adnunez0725@gmail.com,(702) 421-2211,https://www.emismobiledetailing.com/
5 Star Clean & Shine Mobile Car-RV Detailing LV-Ceramic & PPF,"impallari@gmail.com,team@latofonts.com,filler@godaddy.com",+1 939-500-0223,http://fivestarcleanandshine.com/
Mobile Auto Spa,mobileautospashop@gmail.com,(702) 600-2411,https://www.themobileautospa.com/
Milkyway Detailz,milkywaydetailz@outlook.com,(702) 619-0215,https://milkywaydetailz.setmore.com/
Pristine Mobile Detail LV,pristinedetaillv@icloud.com,(702) 332-7055,https://square.site/book/2Q8J31WD1ZQYJ/pristine-mobile-detail
The Concours Detail (Las Vegas Mobile Detailing),service@concoursdetaillv.com,(702) 258-2813,https://www.concoursdetaillv.com/
Deep Detailing LLC,businessoverlc@gmail.com,(725) 333-4835,http://deepdetailingllc.com/
Country Club Auto Spa,info@countryclubautospa.com,(702) 614-6146,https://countryclubautospa.com/
A13 Auto Detail,a13detail@gmail.com,(702) 209-8270,https://a13detail.wixsite.com/home
Eco-Tint,mike@eco-tint.com,(702) 335-5972,https://eco-tint.com/
Universal Motorcars,universalautomotive@yahoo.com,(702) 430-1000,http://universalmotorcarslv.com/
"Wet Workz Designs Truck Customz, Spray in Bed Liner, Hydrodipping & LS Swaps",wetworkzdesigns@yahoo.com,(702) 280-1610,http://www.wetworkzdesigns.com/
Ghost Customz,info@ghostcutmoz.com,(510) 725-2768,http://ghostcustomz.life/
VR AutoSpa,nick@vrautospa.com,(702) 279-4505,http://www.vrautospa.com/
JDetailing,jdetailing94@gmail.com,(702) 483-7376,https://bookjdetailing.square.site/
Royal Flush Auto Detailing,the.royalflush.ad@gmail.com,(720) 467-8696,https://royalflushad.com/
Sergical Detailing,sergicaldetailing@gmail.com,(702) 761-1711,http://sergicaldetailing.com/
Tommy's ExpressÂ® Car Wash,nv137@teamtommys.com,(702) 660-4022,https://tommys-express.com/locations/nv137?utm_source=GMB&utm_medium=Yext&y_source=1_NjExODk3NTYtNzE1LWxvY2F0aW9uLndlYnNpdGU%3D
Everything Auto Service,"matthew.eas@gmail.com,bryce.eas@gmail.com",(702) 766-6244,http://www.everythingautoservice.net/
GO Car Wash,nellis@gocarwash.com,(702) 444-2385,https://gocarwash.com/location/s-nellis/?referrer=listings
Las Vegas Car Detailing,anwarchoukaire@lasvegascardetailing.co,(407) 668-3816,https://lasvegascardetailing.co/
The Best Hand Wax Detailing Car Wash,thebesthandwax@gmail.com,(702) 580-7531,http://the-best-hand-wax-detailing.my-free.website/about
Rivas Pro Detail Vegas,"jane@framer.com,rivasprodetailmiami@gmail.com",(702) 482-7587,https://www.rivasprodetail.com/
RedBush's Wash and Wax,rbwashnwax@gmail.com,(702) 812-2193,https://redbushwashandwax.com/
Urban Auto Workz,info@urbanautoworkz.com,(702) 568-7226,http://urbanautoworkz.com/
Aces Mobile Detail,acesmobiledetaillv@gmail.com,(702) 332-5893,http://acesmobiledetaillv.com/
Foam Worxs Auto Spa,foamworxsdetailing@gmail.com,(725) 205-2463,https://foamworxsdetail.com/
Integrity Customs,"integritycustoms@yahoo.com,integritycustoms12@gmail.com",(702) 510-4375,http://www.integritycustomslv.com/
Beyond Mobile Detailing,"info@indiantypefoundry.com,filler@godaddy.com,bynddetailss@gmail.com",(725) 201-8229,https://beyondmobiledetailing.com/
DMA Solutionz,"jonpinhorn.typedesign@gmail.com,amkryukov@gmail.com",(702) 473-9744,https://dmasolutionz.godaddysites.com/
Master Tech Automotive & Cycle Repair,info@mastertechlv.com,(702) 641-9389,https://www.hendersonautomobilerepairshop.com/?y_source=1_NjMzOTg2MS03MTUtbG9jYXRpb24ud2Vic2l0ZQ%3D%3D
Lake Mead Auto and Marine,info@lakemeadauto.com,(702) 565-5353,http://lakemeadauto.com/?y_source=1_NjMxMzg2NTctNzE1LWxvY2F0aW9uLndlYnNpdGU%3D
Etiquette Systems (Las Vegas Labels),admin@etiquettesystems.com,(702) 568-7453,https://www.etiquettesystems.com/
VIP Collision,vipcollision@gmail.com,(702) 788-1394,http://vipcollisionlv.com/
Bartlett Detail (Las Vegas Mobile Detailing),info@bartlettdetail.com,(702) 701-3470,http://www.bartlettdetail.com/
Proshop Motorsports & Marine,matt@proshoplv.com,(702) 564-8895,https://www.proshoplv.com/?utm_source=google&utm_medium=organic&utm_campaign=GMB-service
Bob Roses Detailing,"bobrosesceramiccoatings@gmail.com,bobrosesceramiccoating@gmail.com",(702) 935-1461,https://www.bobrosesceramiccoatings.com/
Aqualine Performance,support@aqualineperf.com,(725) 300-8200,http://aqualineperf.com/
BWA Detailing,bwadetailing@gmail.com,(702) 890-2484,http://bwadetailing.com/
Colorpoint Body Shop and Auto Detailing,luis.colorpoint@yahoo.com,(702) 558-0528,https://www.colorpointautobody.com/
Rocket Mobile Detail & Tint,"rocketmobiledetailtint@gmail.com,hi@mystore.com",(725) 247-0188,http://rocket-mobile-detail-tint.square.site/
VegasDetialingBrothers,tablasedgar4@gmail.com,(702) 910-1761,https://vegasdetialingbrothers.com/
Meineke Car Care Center,shop.2530@meineke.net,(702) 802-0541,https://www.meineke.com/locations/nv/henderson-2530/?utm_source=google&utm_medium=organic&utm_campaign=gbp_website
Las Vegas Detail Supplies,"impallari@gmail.com,hello@rfuenzalida.com",(702) 637-9477,http://spotfreewaterlv.com/
Agape Health & Fitness,info@agapehealth.net,(702) 410-5354,http://www.agapehealthlv.com/
Dent Guys Las Vegas,dentguyslasvegas@gmail.com,(702) 840-4655,https://www.dentguyslasvegas.com/henderson-auto-dent-repair/
RFX Automotive,info@rfxautomotive.com,(702) 941-4455,https://rfxautomotive.com/
Deaners Mobile Detailing,"deanersdetailing@gmail.com,deanersmobiledetailinglv@gmail.com",(612) 524-9382,https://deanersmobiledetailing.com/
Champion Dent Removal,brent@championdentremoval.com,(702) 970-0909,https://www.championdentremoval.com/
Tommy's ExpressÂ® Car Wash,nv202@teamtommys.com,(702) 751-2867,https://tommys-express.com/locations/nv202?utm_source=GMB&utm_medium=Yext&y_source=1_NTA5OTY0MTYtNzE1LWxvY2F0aW9uLndlYnNpdGU%3D
Vegas Customs,vegascustoms1@gmail.com,(725) 243-7966,https://vegascustoms.com/
Senior Medicare Reviews - Medicare & Health/Life Insurance Broker - Nick Boushay,nick@seniormedicarereviews.com,(888) 508-1781,https://www.seniormedicarereviews.com/?utm_source=gmb&utm_medium=organic
All Who Wander Travel Co,allwhowandertravelco@gmail.com,(702) 715-5927,https://www.allwhowandertravelco.com/
Meineke Car Care Center,shop.2923@meineke.net,(702) 623-0148,https://www.meineke.com/locations/nv/las-vegas-2923/?utm_source=google&utm_medium=organic&utm_campaign=gbp_website
Spiffy,support@getspiffy.com,(844) 438-7743,http://www.getspiffy.com/
VIP Cleaning Services,"scheduling@vegasvipcleaning.com,ninfo@vegasvipcleaning.com",(702) 633-0924,https://www.vegasvipcleaning.com/
Meineke Car Care Center,shop.2931@meineke.net,(702) 960-1555,https://www.meineke.com/locations/nv/las-vegas-2931/?utm_source=google&utm_medium=organic&utm_campaign=gbp_website
CEI Auto Glass,service@ceiautoglass.com,(702) 228-9126,https://ceiautoglass.com/
Triton Auto Care,dpwmllc@gmail.com,(702) 780-8770,http://www.tritonautocare.com/
TheCarWiz,faq@thecarwiz.com,(833) 293-0900,http://www.thecarwiz.com/
Ace of Spades Custom RV and Repair,aceofspadesrv@gmail.com,(702) 743-0347,https://aceofspadescustomrv.com/
All European Auto Repair Las Vegas,info@alleuropeanautorepair.com,(702) 363-9191,https://alleuropeanautorepair.com/
Team 1 Auto Care,"micah@micahrich.com,team1autocare@gmail.com",(702) 227-1900,http://team1autocare.com/
Meineke Car Care Center,shop.4146@meineke.net,(702) 625-4403,https://www.meineke.com/locations/nv/las-vegas-4146/?utm_source=google&utm_medium=organic&utm_campaign=gbp_website
Santis Auto Detailing LLC.,steam@santisdetailing.com,(725) 251-9376,http://www.santisdetailing.com/
NV Locksmith LLC,nvlocksmithllc@gmail.com,(702) 600-0919,https://www.nvlocksmithllc.com/
R & J Extreme Mobile Car Wash LLC,ranjextreme@gmail.com,(702) 800-9447,https://www.randjextrememobilecarwash.com/
Tempur-Pedic Flagship Store,9f81f9ff408146579784386ac72a3395@o19836.ingest.us.sentry.io,(702) 342-0385,https://www.tempurpedic.com/tempur-pedic-stores/tempur-pedic-las-vegas/?utm_source=Google&utm_medium=Yext&y_source=1_MjUwMjYyMjUtNzE1LWxvY2F0aW9uLndlYnNpdGU%3D
Germz Be Gone,info@germzbegone.com,(844) 437-6946,https://www.germzbegone.com/
Euro Auto Tint / Wraps / PPF / Decals / Detailing / Collision Repair / Bumper Replace / Dent Repair / Restoration / Restyling,"eben@eyebytes.com,info@indiantypefoundry.com,bosu07@gmail.com",(725) 204-9580,https://euroautotintlasvegas.com/
"iPride Notary, Fingerprinting & Apostilles",info@ipridenotary.com,(702) 273-8618,https://www.ipridenotary.com/
LMS Auto Body & Paint Inc.,lms.autobody@gmail.com,(702) 743-6644,https://www.bodyshoplasvegas.com/collisionrepairshoplasvegas/
Thomas Automotive,thomasautomotive@yahoo.com,(702) 656-7037,http://www.thomasautolv.com/
Magic Mobile Car Wash,magicmobilecarwash1@gmail.com,(702) 239-2710,http://www.magicmobilecarwashco.com/
Shredders,shreddersdetailing@gmail.com,(702) 695-1565,https://www.shreddersdetailing.com/
1stchoicemobiledetailing,firstchoicemobiledetail783@gmail.com,(310) 357-5721,https://firstchoicemobiled4.wixsite.com/1stchoicemobiledetai
Ghost Coating - Las Vegas Mobile Ceramic Coating,dm@ghostcoating.com,,https://ghostcoating.com/
Tommy's ExpressÂ® Car Wash,nv15@teamtommys.com,(702) 780-6771,https://tommys-express.com/locations/nv15/?utm_source=GMB&utm_medium=Yext&y_source=1_MTU1ODIxODktNzE1LWxvY2F0aW9uLndlYnNpdGU%3D
"FASTSIGNS of Las Vegas, NV - Northwest",2304@fastsigns.com,(702) 935-2499,https://www.fastsigns.com/northwest-las-vegas-nv/
Dros Auto Detail,drosautodetail@gmail.com,(702) 605-2782,http://drosautodetail.com/
Topaz Super Car Wash,"milenabbrandao@gmail.com,info@indiantypefoundry.com,eben@eyebytes.com",(702) 673-8105,https://topazsupercarwash.com/
GO Car Wash,nv205.gm@gocarwash.com,(702) 444-2362,https://gocarwash.com/location/Tropicana/?referrer=listings
Upper Echelon Mobile Detail LLC,upperechelonmobiledetaillv@gmail.com,(725) 203-9023,http://www.upperechelonmobiledetail.com/
Vegas Sudz & Steam,sales@sudzandsteam.com,(702) 376-0881,http://www.sudzandsteam.com/
New Nevada Detailing,newnevadadetailing@gmail.com,(702) 675-0905,https://www.newnevadadetailing.com/
Reach Auto Detailing,reachlasvegas@gmail.com,(702) 817-6987,http://reachautodetailing.com/
S&M Auto Body & Paint,support@smautobodyandpaint.com,(702) 586-8727,http://smautobodyandpaint.com/
"Buff""n Stuff Detailing",buffnstuffvegas@gmail.com,(702) 888-0139,http://www.buffnstuffvegas.com/
PK's Automotive Garage,pksautomotivegarage@gmail.com,(702) 299-6382,http://pksautomotivegarage.com/
Paint Protection Film Las Vegas LFL,paintprotectionfilmlasvegas@hotmail.com,(702) 935-5194,https://www.lasvegaspaintprotectionfilm.com/
Urban Motion Detailing LLC,urbanmotiondetail@gmail.com,(702) 589-6866,https://urbanmotiondetail.wixsite.com/detail
"Midnight Tint - Auto, Residential and Commercial, PFF and Ceramic Coating","team@latofonts.com,anapbm@gmail.com",(702) 769-2819,https://midnighttint8.godaddysites.com/
Sin City Detail,sales@sincitydetail.com,(702) 721-8585,https://sincitydetail.com/
Stotz Equipment,"mmuzio@stotzeq.com,kfife@stotzeq.com,ndenny@stotzeq.com,msmith@stotzeq.com",(702) 263-4512,https://www.stotzequipment.com/our-company/locations/las-vegas-nv/
To The T Detailing,tothetcustomdetailing@gmail.com,(702) 499-4765,http://www.tothetdetailing.com/
NV Registration DMV Services,info@nvregistration.com,(702) 531-6633,https://www.nvregistration.com/
L.A. Insurance,info@lainsurance.com,(702) 737-3331,https://www.lainsurance.com/?utm_source=gmb&utm_medium=yext
PERFORMANCE RV SERVICE & TRANSPORT,leorvllc@gmail.com,(702) 970-1975,http://leorvllc.com/
One Small Mobile Car Wash,onesmallmobilecarwash@gmail.com,(702) 466-6314,https://one-small-mobile-car-wash.ueniweb.com/?utm_campaign=gmb
Wavez Detailing,wavezdetailing@gmail.com,(702) 209-4984,https://wavezdetailing.com/
Take 5 Oil Change,"shop1582@take5oil.com,hakeem@t5lasvegas.com,scott@t5lasvegas.com",(702) 706-1057,https://www.take5.com/locations/oil-change/nevada/henderson/31582/?utm_source=google&utm_medium=organic&utm_campaign=gbp_website
